customer_id	country
12347	Iceland
12352	Norway
12359	Cyprus
12364	Belgium
12380	Belgium
12383	Belgium
12391	Cyprus
12402	Belgium
12409	Switzerland
12414	Austria
12417	Belgium
12421	Spain
12428	Finland
12433	Norway
12450	Spain
12451	Switzerland
12454	Spain
12455	Cyprus
12457	Switzerland
12464	Belgium
12472	Germany
12474	Germany
12476	Germany
12477	Germany
12480	Germany
12481	Germany
12494	France
12507	Spain
12517	Germany
12524	Germany
12528	Germany
12553	France
12577	France
12578	Italy
12586	Italy
12589	France
12592	Germany
12599	France
12601	Germany
12615	France
12627	Germany
12637	France
12644	Germany
12645	Germany
12648	Germany
12649	Germany
12651	France
12654	Germany
12664	Finland
12670	France
12682	France
12683	France
12684	France
12691	France
12695	France
12700	France
12703	Germany
12705	Germany
12709	Germany
12712	Germany
12723	France
12724	France
12744	Singapore
12753	Japan
12757	Portugal
12759	Netherlands
12766	Portugal
12775	Netherlands
12779	Poland
12782	Portugal
12791	Netherlands
12805	Netherlands
12808	Portugal
12811	Portugal
12820	United Kingdom
12826	United Kingdom
12839	United Kingdom
12844	United Kingdom
12845	United Kingdom
12854	United Kingdom
12876	Belgium
12891	United Kingdom
12901	United Kingdom
12906	United Kingdom
12912	United Kingdom
12913	United Kingdom
12916	United Kingdom
12920	United Kingdom
12924	United Kingdom
12928	United Kingdom
12936	United Kingdom
12939	United Kingdom
12952	United Kingdom
12955	United Kingdom
12960	United Kingdom
12970	United Kingdom
12977	United Kingdom
12987	United Kingdom
13004	United Kingdom
13021	United Kingdom
13026	United Kingdom
13029	United Kingdom
13037	United Kingdom
13047	United Kingdom
13050	United Kingdom
13052	United Kingdom
13064	United Kingdom
13079	United Kingdom
13080	United Kingdom
13082	United Kingdom
13090	United Kingdom
13093	United Kingdom
13110	United Kingdom
13113	United Kingdom
13115	United Kingdom
13117	United Kingdom
13124	United Kingdom
13134	United Kingdom
13139	United Kingdom
13141	United Kingdom
13149	United Kingdom
13158	United Kingdom
13162	United Kingdom
13183	United Kingdom
13184	United Kingdom
13187	United Kingdom
13192	United Kingdom
13198	United Kingdom
13202	United Kingdom
13203	United Kingdom
13208	United Kingdom
13211	United Kingdom
13213	United Kingdom
13225	United Kingdom
13239	United Kingdom
13240	United Kingdom
13242	United Kingdom
13246	United Kingdom
13253	United Kingdom
13263	United Kingdom
13266	United Kingdom
13268	United Kingdom
13269	United Kingdom
13277	United Kingdom
13278	United Kingdom
13283	United Kingdom
13293	United Kingdom
13310	United Kingdom
13316	United Kingdom
13317	United Kingdom
13323	United Kingdom
13327	United Kingdom
13329	United Kingdom
13362	United Kingdom
13368	United Kingdom
13384	United Kingdom
13397	United Kingdom
13408	United Kingdom
13413	United Kingdom
13414	United Kingdom
13425	United Kingdom
13427	United Kingdom
13429	United Kingdom
13433	United Kingdom
13443	United Kingdom
13450	United Kingdom
13451	United Kingdom
13456	United Kingdom
13464	United Kingdom
13488	United Kingdom
13497	United Kingdom
13500	United Kingdom
13503	United Kingdom
13505	Switzerland
13506	United Kingdom
13514	United Kingdom
13515	United Kingdom
13523	United Kingdom
13524	United Kingdom
13527	United Kingdom
13536	United Kingdom
13538	United Kingdom
13546	United Kingdom
13549	United Kingdom
13557	United Kingdom
13561	United Kingdom
13562	United Kingdom
13564	United Kingdom
13569	United Kingdom
13573	United Kingdom
13575	United Kingdom
13589	United Kingdom
13590	United Kingdom
13598	United Kingdom
13601	United Kingdom
13610	United Kingdom
13611	United Kingdom
13630	United Kingdom
13634	United Kingdom
13635	United Kingdom
13636	United Kingdom
13641	United Kingdom
13642	United Kingdom
13644	United Kingdom
13650	United Kingdom
13662	United Kingdom
13663	United Kingdom
13681	United Kingdom
13685	United Kingdom
13692	United Kingdom
13693	United Kingdom
13695	United Kingdom
13704	United Kingdom
13705	United Kingdom
13707	United Kingdom
13717	United Kingdom
13719	United Kingdom
13722	United Kingdom
13723	United Kingdom
13728	United Kingdom
13740	United Kingdom
13752	United Kingdom
13756	United Kingdom
13767	United Kingdom
13771	United Kingdom
13777	United Kingdom
13787	United Kingdom
13819	United Kingdom
13824	United Kingdom
13854	United Kingdom
13856	United Kingdom
13860	United Kingdom
13862	United Kingdom
13865	United Kingdom
13870	United Kingdom
13873	United Kingdom
13878	United Kingdom
13880	United Kingdom
13883	United Kingdom
13888	United Kingdom
13901	United Kingdom
13908	United Kingdom
13911	United Kingdom
13916	United Kingdom
13919	Denmark
13920	United Kingdom
13921	United Kingdom
13924	United Kingdom
13925	United Kingdom
13928	United Kingdom
13929	United Kingdom
13941	United Kingdom
13948	United Kingdom
13949	United Kingdom
13958	United Kingdom
13969	United Kingdom
13975	United Kingdom
13976	United Kingdom
13984	United Kingdom
13989	United Kingdom
13991	United Kingdom
13993	United Kingdom
13994	United Kingdom
13999	United Kingdom
14000	United Kingdom
14035	United Kingdom
14040	United Kingdom
14057	United Kingdom
14085	United Kingdom
14104	United Kingdom
14108	United Kingdom
14111	United Kingdom
14116	United Kingdom
14121	United Kingdom
14126	United Kingdom
14127	United Kingdom
14132	United Kingdom
14133	United Kingdom
14134	United Kingdom
14157	United Kingdom
14159	United Kingdom
14160	United Kingdom
14163	United Kingdom
14167	United Kingdom
14175	United Kingdom
14176	United Kingdom
14178	United Kingdom
14182	United Kingdom
14189	United Kingdom
14194	United Kingdom
14195	United Kingdom
14201	United Kingdom
14205	United Kingdom
14210	United Kingdom
14211	United Kingdom
14214	United Kingdom
14216	United Kingdom
14217	United Kingdom
14221	United Kingdom
14224	United Kingdom
14227	United Kingdom
14231	United Kingdom
14232	United Kingdom
14233	United Kingdom
14236	United Kingdom
14247	United Kingdom
14249	United Kingdom
14257	United Kingdom
14258	United Kingdom
14275	United Kingdom
14276	United Kingdom
14289	United Kingdom
14301	United Kingdom
14336	United Kingdom
14342	United Kingdom
14343	United Kingdom
14389	United Kingdom
14390	United Kingdom
14395	United Kingdom
14404	United Kingdom
14414	United Kingdom
14419	United Kingdom
14422	United Kingdom
14428	United Kingdom
14431	United Kingdom
14434	United Kingdom
14440	United Kingdom
14442	Channel Islands
14450	United Kingdom
14451	United Kingdom
14455	United Kingdom
14467	United Kingdom
14477	United Kingdom
14482	United Kingdom
14489	United Kingdom
14492	United Kingdom
14498	United Kingdom
14511	United Kingdom
14512	United Kingdom
14513	United Kingdom
14514	United Kingdom
14527	United Kingdom
14530	United Kingdom
14533	United Kingdom
14534	United Kingdom
14538	United Kingdom
14540	United Kingdom
14541	United Kingdom
14546	United Kingdom
14560	United Kingdom
14585	United Kingdom
14595	United Kingdom
14606	United Kingdom
14607	United Kingdom
14608	United Kingdom
14609	United Kingdom
14615	United Kingdom
14616	United Kingdom
14618	United Kingdom
14621	United Kingdom
14623	United Kingdom
14634	United Kingdom
14644	United Kingdom
14649	United Kingdom
14656	United Kingdom
14662	United Kingdom
14669	United Kingdom
14672	United Kingdom
14676	United Kingdom
14685	United Kingdom
14691	United Kingdom
14692	United Kingdom
14696	United Kingdom
14699	United Kingdom
14704	United Kingdom
14710	United Kingdom
14713	United Kingdom
14714	United Kingdom
14715	United Kingdom
14719	United Kingdom
14723	United Kingdom
14730	United Kingdom
14733	United Kingdom
14741	United Kingdom
14744	United Kingdom
14745	United Kingdom
14798	United Kingdom
14810	United Kingdom
14813	United Kingdom
14820	United Kingdom
14842	United Kingdom
14850	United Kingdom
14853	United Kingdom
14854	United Kingdom
14867	United Kingdom
14868	United Kingdom
14869	United Kingdom
14882	United Kingdom
14891	United Kingdom
14896	United Kingdom
14901	United Kingdom
14907	United Kingdom
14910	United Kingdom
14911	EIRE
14933	Channel Islands
14942	United Kingdom
14944	United Kingdom
14949	United Kingdom
14958	United Kingdom
14959	United Kingdom
14966	United Kingdom
14967	United Kingdom
14987	United Kingdom
14998	United Kingdom
15005	United Kingdom
15013	United Kingdom
15023	United Kingdom
15026	United Kingdom
15031	United Kingdom
15033	United Kingdom
15039	United Kingdom
15043	United Kingdom
15046	United Kingdom
15048	United Kingdom
15058	United Kingdom
15061	United Kingdom
15062	United Kingdom
15065	United Kingdom
15067	United Kingdom
15068	United Kingdom
15073	United Kingdom
15079	United Kingdom
15081	United Kingdom
15093	United Kingdom
15095	United Kingdom
15106	United Kingdom
15111	United Kingdom
15117	United Kingdom
15129	United Kingdom
15134	United Kingdom
15140	United Kingdom
15141	United Kingdom
15144	United Kingdom
15149	United Kingdom
15152	United Kingdom
15157	United Kingdom
15160	United Kingdom
15164	United Kingdom
15182	United Kingdom
15184	United Kingdom
15186	United Kingdom
15189	United Kingdom
15192	United Kingdom
15194	United Kingdom
15198	United Kingdom
15199	United Kingdom
15221	United Kingdom
15223	United Kingdom
15235	United Kingdom
15237	United Kingdom
15241	United Kingdom
15252	United Kingdom
15253	United Kingdom
15255	United Kingdom
15260	United Kingdom
15261	United Kingdom
15271	United Kingdom
15272	United Kingdom
15278	United Kingdom
15279	United Kingdom
15281	United Kingdom
15290	United Kingdom
15296	United Kingdom
15298	United Kingdom
15299	United Kingdom
15304	United Kingdom
15321	United Kingdom
15326	United Kingdom
15329	United Kingdom
15339	United Kingdom
15351	United Kingdom
15353	United Kingdom
15358	United Kingdom
15361	United Kingdom
15365	United Kingdom
15370	United Kingdom
15372	United Kingdom
15379	United Kingdom
15381	United Kingdom
15382	United Kingdom
15394	United Kingdom
15410	United Kingdom
15411	United Kingdom
15413	United Kingdom
15425	United Kingdom
15426	United Kingdom
15428	United Kingdom
15443	United Kingdom
15452	United Kingdom
15462	United Kingdom
15465	United Kingdom
15466	United Kingdom
15483	United Kingdom
15488	United Kingdom
15491	United Kingdom
15508	United Kingdom
15511	United Kingdom
15535	United Kingdom
15538	United Kingdom
15547	United Kingdom
15549	United Kingdom
15555	United Kingdom
15563	United Kingdom
15569	United Kingdom
15571	United Kingdom
15579	United Kingdom
15581	United Kingdom
15584	United Kingdom
15590	United Kingdom
15594	United Kingdom
15606	United Kingdom
15611	United Kingdom
15620	United Kingdom
15621	United Kingdom
15624	United Kingdom
15636	United Kingdom
15638	United Kingdom
15641	United Kingdom
15644	United Kingdom
15646	United Kingdom
15652	United Kingdom
15661	United Kingdom
15665	United Kingdom
15679	United Kingdom
15680	United Kingdom
15681	United Kingdom
15687	United Kingdom
15691	United Kingdom
15694	United Kingdom
15701	United Kingdom
15707	United Kingdom
15708	United Kingdom
15713	United Kingdom
15732	United Kingdom
15745	United Kingdom
15747	United Kingdom
15754	United Kingdom
15756	United Kingdom
15768	United Kingdom
15769	United Kingdom
15785	United Kingdom
15786	United Kingdom
15789	United Kingdom
15796	United Kingdom
15800	United Kingdom
15803	United Kingdom
15805	United Kingdom
15811	United Kingdom
15812	United Kingdom
15815	United Kingdom
15822	United Kingdom
15841	United Kingdom
15845	United Kingdom
15847	United Kingdom
15858	United Kingdom
15861	United Kingdom
15867	United Kingdom
15872	United Kingdom
15874	United Kingdom
15900	United Kingdom
15901	United Kingdom
15903	United Kingdom
15916	United Kingdom
15921	United Kingdom
15938	United Kingdom
15939	United Kingdom
15945	United Kingdom
15950	United Kingdom
15965	United Kingdom
15976	United Kingdom
15980	United Kingdom
15981	United Kingdom
15983	United Kingdom
15987	United Kingdom
15990	United Kingdom
15998	United Kingdom
16005	United Kingdom
16012	United Kingdom
16017	United Kingdom
16029	United Kingdom
16032	United Kingdom
16036	United Kingdom
16042	United Kingdom
16048	United Kingdom
16053	United Kingdom
16054	United Kingdom
16081	United Kingdom
16083	United Kingdom
16085	United Kingdom
16092	United Kingdom
16094	United Kingdom
16098	United Kingdom
16103	United Kingdom
16104	United Kingdom
16105	United Kingdom
16108	United Kingdom
16110	United Kingdom
16119	United Kingdom
16120	United Kingdom
16122	United Kingdom
16124	United Kingdom
16126	United Kingdom
16128	United Kingdom
16131	United Kingdom
16134	United Kingdom
16143	United Kingdom
16150	United Kingdom
16153	United Kingdom
16158	United Kingdom
16159	United Kingdom
16168	United Kingdom
16170	United Kingdom
16172	United Kingdom
16173	United Kingdom
16175	United Kingdom
16184	United Kingdom
16188	United Kingdom
16190	United Kingdom
16191	United Kingdom
16197	United Kingdom
16199	United Kingdom
16202	United Kingdom
16208	United Kingdom
16212	United Kingdom
16224	United Kingdom
16229	United Kingdom
16233	United Kingdom
16249	United Kingdom
16253	United Kingdom
16258	United Kingdom
16261	United Kingdom
16265	United Kingdom
16266	United Kingdom
16279	United Kingdom
16287	United Kingdom
16292	United Kingdom
16298	United Kingdom
16303	United Kingdom
16306	United Kingdom
16320	Unspecified
16325	United Kingdom
16326	United Kingdom
16327	United Kingdom
16329	United Kingdom
16330	United Kingdom
16336	United Kingdom
16344	United Kingdom
16347	United Kingdom
16350	United Kingdom
16354	United Kingdom
16360	United Kingdom
16361	United Kingdom
16362	United Kingdom
16372	United Kingdom
16391	United Kingdom
16407	United Kingdom
16409	United Kingdom
16416	United Kingdom
16418	United Kingdom
16419	United Kingdom
16426	United Kingdom
16438	United Kingdom
16441	United Kingdom
16455	United Kingdom
16470	United Kingdom
16471	United Kingdom
16493	United Kingdom
16499	United Kingdom
16500	United Kingdom
16503	United Kingdom
16510	United Kingdom
16518	United Kingdom
16523	United Kingdom
16525	United Kingdom
16531	United Kingdom
16544	United Kingdom
16546	United Kingdom
16550	United Kingdom
16551	United Kingdom
16555	United Kingdom
16560	United Kingdom
16563	United Kingdom
16566	United Kingdom
16571	United Kingdom
16588	United Kingdom
16592	United Kingdom
16593	United Kingdom
16600	United Kingdom
16611	United Kingdom
16621	United Kingdom
16631	United Kingdom
16637	United Kingdom
16638	United Kingdom
16650	United Kingdom
16658	United Kingdom
16668	United Kingdom
16670	United Kingdom
16672	United Kingdom
16678	United Kingdom
16686	United Kingdom
16688	United Kingdom
16692	United Kingdom
16693	United Kingdom
16700	United Kingdom
16702	United Kingdom
16707	United Kingdom
16710	United Kingdom
16713	United Kingdom
16726	United Kingdom
16729	United Kingdom
16744	United Kingdom
16750	United Kingdom
16764	United Kingdom
16768	United Kingdom
16777	United Kingdom
16782	United Kingdom
16784	United Kingdom
16790	United Kingdom
16792	United Kingdom
16794	United Kingdom
16805	United Kingdom
16812	United Kingdom
16813	United Kingdom
16814	United Kingdom
16816	United Kingdom
16818	United Kingdom
16830	United Kingdom
16832	United Kingdom
16837	United Kingdom
16841	United Kingdom
16843	United Kingdom
16848	United Kingdom
16858	United Kingdom
16859	United Kingdom
16861	United Kingdom
16880	United Kingdom
16885	United Kingdom
16889	United Kingdom
16891	United Kingdom
16898	United Kingdom
16919	United Kingdom
16926	United Kingdom
16933	United Kingdom
16934	United Kingdom
16947	United Kingdom
16949	United Kingdom
16966	United Kingdom
16977	United Kingdom
16979	United Kingdom
16986	United Kingdom
16989	United Kingdom
17001	United Kingdom
17004	United Kingdom
17007	United Kingdom
17019	United Kingdom
17025	United Kingdom
17034	United Kingdom
17035	United Kingdom
17046	United Kingdom
17047	United Kingdom
17048	United Kingdom
17051	United Kingdom
17059	United Kingdom
17061	United Kingdom
17062	United Kingdom
17068	United Kingdom
17069	United Kingdom
17071	United Kingdom
17073	United Kingdom
17082	United Kingdom
17088	United Kingdom
17090	United Kingdom
17091	United Kingdom
17095	United Kingdom
17096	United Kingdom
17097	Spain
17101	United Kingdom
17114	United Kingdom
17131	United Kingdom
17133	United Kingdom
17135	United Kingdom
17137	United Kingdom
17145	United Kingdom
17152	United Kingdom
17155	United Kingdom
17158	United Kingdom
17162	United Kingdom
17163	United Kingdom
17164	United Kingdom
17175	United Kingdom
17190	United Kingdom
17191	United Kingdom
17201	United Kingdom
17211	United Kingdom
17220	United Kingdom
17227	United Kingdom
17228	United Kingdom
17231	United Kingdom
17235	United Kingdom
17237	United Kingdom
17238	United Kingdom
17239	United Kingdom
17241	United Kingdom
17266	United Kingdom
17272	United Kingdom
17281	United Kingdom
17282	United Kingdom
17289	United Kingdom
17302	United Kingdom
17306	United Kingdom
17307	United Kingdom
17311	United Kingdom
17323	United Kingdom
17324	United Kingdom
17330	United Kingdom
17338	United Kingdom
17342	United Kingdom
17346	United Kingdom
17350	United Kingdom
17354	United Kingdom
17362	United Kingdom
17364	United Kingdom
17371	United Kingdom
17377	United Kingdom
17382	United Kingdom
17388	United Kingdom
17389	United Kingdom
17396	United Kingdom
17400	United Kingdom
17406	United Kingdom
17414	United Kingdom
17416	United Kingdom
17426	United Kingdom
17428	United Kingdom
17430	United Kingdom
17432	United Kingdom
17434	United Kingdom
17440	United Kingdom
17448	United Kingdom
17449	United Kingdom
17460	United Kingdom
17463	United Kingdom
17469	United Kingdom
17472	United Kingdom
17490	United Kingdom
17496	United Kingdom
17502	United Kingdom
17508	Greece
17509	United Kingdom
17515	United Kingdom
17516	United Kingdom
17519	United Kingdom
17521	United Kingdom
17522	United Kingdom
17523	United Kingdom
17526	United Kingdom
17530	United Kingdom
17534	United Kingdom
17540	United Kingdom
17545	United Kingdom
17550	United Kingdom
17557	United Kingdom
17562	United Kingdom
17576	United Kingdom
17584	United Kingdom
17588	United Kingdom
17591	United Kingdom
17594	United Kingdom
17596	United Kingdom
17597	United Kingdom
17609	United Kingdom
17610	United Kingdom
17611	United Kingdom
17615	United Kingdom
17618	United Kingdom
17621	United Kingdom
17623	United Kingdom
17625	United Kingdom
17629	United Kingdom
17642	United Kingdom
17646	United Kingdom
17648	United Kingdom
17651	United Kingdom
17653	United Kingdom
17656	United Kingdom
17659	United Kingdom
17663	United Kingdom
17664	United Kingdom
17666	United Kingdom
17667	United Kingdom
17669	United Kingdom
17671	United Kingdom
17676	United Kingdom
17677	United Kingdom
17679	United Kingdom
17685	United Kingdom
17686	United Kingdom
17690	United Kingdom
17691	United Kingdom
17705	United Kingdom
17709	United Kingdom
17714	United Kingdom
17719	United Kingdom
17722	United Kingdom
17723	United Kingdom
17731	United Kingdom
17734	United Kingdom
17740	United Kingdom
17742	United Kingdom
17753	United Kingdom
17757	United Kingdom
17759	United Kingdom
17763	United Kingdom
17768	United Kingdom
17769	United Kingdom
17770	United Kingdom
17787	United Kingdom
17790	United Kingdom
17802	United Kingdom
17809	United Kingdom
17811	United Kingdom
17813	United Kingdom
17822	United Kingdom
17825	United Kingdom
17827	United Kingdom
17828	Malta
17841	United Kingdom
17851	United Kingdom
17852	United Kingdom
17854	United Kingdom
17857	United Kingdom
17861	United Kingdom
17862	United Kingdom
17865	United Kingdom
17867	United Kingdom
17874	United Kingdom
17884	United Kingdom
17889	United Kingdom
17913	United Kingdom
17929	United Kingdom
17941	United Kingdom
17949	United Kingdom
17955	United Kingdom
17961	United Kingdom
17965	United Kingdom
17966	United Kingdom
17968	United Kingdom
17969	United Kingdom
17974	United Kingdom
17978	United Kingdom
17980	United Kingdom
17990	United Kingdom
17994	United Kingdom
18001	United Kingdom
18009	United Kingdom
18022	United Kingdom
18035	United Kingdom
18044	United Kingdom
18051	United Kingdom
18055	United Kingdom
18062	United Kingdom
18069	United Kingdom
18073	United Kingdom
18077	United Kingdom
18078	United Kingdom
18094	United Kingdom
18097	United Kingdom
18102	United Kingdom
18106	United Kingdom
18109	United Kingdom
18127	United Kingdom
18144	United Kingdom
18145	United Kingdom
18149	United Kingdom
18151	United Kingdom
18161	United Kingdom
18168	United Kingdom
18172	United Kingdom
18177	United Kingdom
18178	United Kingdom
18194	United Kingdom
18196	United Kingdom
18198	United Kingdom
18215	United Kingdom
18220	United Kingdom
18232	United Kingdom
18257	United Kingdom
18259	United Kingdom
18272	United Kingdom
18276	United Kingdom
